{"cameraMode":{"drawMode":0,"name":"Shaded","section":"Shading Mode"},"sceneLighting":true,"audioPlay":false,"sceneViewState":{"m_AlwaysRefresh":false,"showFog":true,"showSkybox":true,"showFlares":true,"showImageEffects":true,"showParticleSystems":true,"showVisualEffectGraphs":true,"m_FxEnabled":true},"in2DMode":false,"pivot":{"x":-7.3692169189453129,"y":2.8043558597564699,"z":73.99633026123047},"rotation":{"x":-0.24564027786254884,"y":0.04040174558758736,"z":-0.010247689671814442,"w":-0.9684740304946899},"size":10.024969100952149,"orthographic":false}